{
  "MSE": 0.7090292495268309,
  "RMSE": 0.842038745858426,
  "MAE": 0.6404792316273006,
  "R2": 0.2751304538482413
}